-- phpMyAdmin SQL Dump
-- version 2.8.0.3-Debian-1
-- http://www.phpmyadmin.net
-- 
-- Host: localhost
-- Generation Time: Jul 28, 2006 at 09:08 PM
-- Server version: 5.0.22
-- PHP Version: 5.1.2
-- 
-- Database: `wickedjukebox`
-- 

-- 
-- Dumping data for table `albums`
-- 

INSERT INTO `albums` (`album_id`, `title`, `added`, `artist_id`, `downloaded`, `type`) VALUES (1, 'With Teeth', '2006-07-24 17:06:21', 1, 0, 'album'),
(2, 'Silent Alarm', '2006-07-24 17:06:50', 3, 0, 'album'),
(3, 'Lateralus', '2006-07-24 17:07:03', 2, 0, 'album'),
(4, 'She Wants Revenge', '2006-07-26 01:57:15', 4, 0, 'album');

-- 
-- Dumping data for table `artists`
-- 

INSERT INTO `artists` (`artist_id`, `name`) VALUES (1, 'Nine Inch Nails'),
(2, 'TOOL'),
(3, 'Bloc Party'),
(4, 'She Wants Revenge');

-- 
-- Dumping data for table `songs`
-- 

INSERT INTO `songs` (`song_id`, `artist_id`, `album_id`, `track_no`, `title`, `duration`, `genre_id`, `year`, `localpath`, `played`, `voted`, `skipped`, `downloaded`, `added`, `bitrate`, `filesize`, `checksum`, `lyrics`, `cost`) VALUES (1, 1, 1, 1, 'All the Love in the World', '00:05:15', 1, '2005', '/var/www/wicked.lu/jukebox/trunk/music/Nine_Inch_Nails/With_Teeth/01.mp3', 0, 0, 0, 0, '2006-07-24 17:20:30', '128kbps', 5000000, '098f6bcd4621d373cade4e832627b4f6', 'Watching all the insects march along \r\nSeem to know just right where they belong \r\nSmears a face reflecting in the chrome \r\nHiding in the crowd, I''m all alone \r\nNo one''s heard a single word I''ve said \r\nThey don''t sound as good outside my head \r\nIt looks as though the past is here to stay \r\nI''ve become a million miles aw- \r\nWhy do you get all the love in the world? \r\nWhy do you get all the love in the world? \r\n\r\nAll the jagged edges disappear \r\nColors all are brighter when you''re near \r\nThe stars are all afire in the sky \r\nSometimes I get so lonely, I could\r\nWhy do you get all the love in the world? \r\nWhy do you get all the love in the world? \r\nWhy do you get all the love in the world? \r\nWhy do you get all the love in the world? \r\n\r\nWhy do you get all the love in the world? \r\nWhy do you get all the love in the world? \r\nWhy do you get all the love in the world? \r\nWhy do you get all the love in the world? \r\n', 5),
(2, 1, 1, 2, 'You Know What You Are?', '00:03:41', 1, '2005', '/var/www/wicked.lu/jukebox/trunk/music/Nine_Inch_Nails/With_Teeth/02.mp2', 0, 0, 0, 0, '2006-07-24 17:21:48', '128kbps', 5000000, '20838a8df7cc0babd745c7af4b7d94e2', 'I tried to sing myself through, tried to get to the other side \r\nI got to patch up the cracks in the holes that I have to hide \r\nFor a little bit of time we''ve been making it work okay\r\nJust long enough to really make it hurt\r\nWhen they figured me out and it all just rotted away \r\n\r\nDon''t you fucking know what you are? \r\nDon''t you fucking know what you are? \r\nDon''t you fucking know what you are? (c''mon get back to where you been to) \r\n\r\nYou better take a good look ''cause you''re full of shit \r\nWhen they reveiled my heart I tried to believe in it \r\nYou can push it all out, you can try to pretend \r\nBut you cant change anything, you cant change anything, in the end \r\n\r\nDon''t you fucking know what you are? \r\nDon''t you fucking know what you are? \r\nDon''t you fucking know what you are? (c''mon get back to where been down) \r\nDon''t you fucking know what you are? \r\n\r\nremember where you''ve came from \r\nremember what you are \r\nremember where you''ve came from \r\nremember what you are \r\nremember where you''ve came from \r\nremember what you are \r\nremember where you''ve came from \r\nremember what you are \r\nremember where you''ve came from \r\nremember what you are \r\nremember where you''ve came from \r\nremember what you are \r\nremember where you''ve came from \r\nremember what you are \r\nremember where you''ve came from \r\nremember what you are \r\nremember where you''ve came from \r\nremember what you are \r\n\r\nDon''t you fucking know what you are? (c''mon get back to where you been to) \r\nDon''t you fucking know what you are? (c''mon get back to where you been down) \r\nDon''t you fucking know what you are? (c''mon get back to where you been to) \r\nDon''t you fucking know what you are? (c''mon get back to where you been down)\r\n', 5),
(3, 1, 1, 3, 'The Collector', '00:03:07', 1, '2005', '/var/www/wicked.lu/jukebox/trunk/music/Nine_Inch_Nails/With_Teeth/03.mp3', 0, 0, 0, 0, '2006-07-24 17:22:19', '128kbps', 5000000, 'bb8e5b0c654814f8e2c13c31b9366f61', 'I pick things up, I am a collector \r\nAnd things, well things, they tend to accumulate \r\nI have this net, it drags behind me \r\nIt picks up feelings for me to feed upon \r\n\r\nThere are times, plenty of times \r\nI wish I could let it go \r\nBut it''s time to breed\r\nAnd it''s got to grow inside me \r\n\r\nThere are times, plenty of times \r\nI wish I could let it go \r\nBut it''s time to make me think things \r\nI don''t wanna know \r\n\r\nI''m trying to fit it all inside \r\nI''m trying to open my mouth wide \r\nI''m trying not to choke\r\nAnd swallow it all \r\nSwallow it all \r\nSwallow it all \r\nSwallow it all \r\n\r\nI am the plague \r\nI am the swarm \r\nAll your heart sticks on me \r\nAnd I keep it warm \r\n\r\nIt''ll make me stay \r\nIt won''t let me leave \r\nThere are so goddamn many of them \r\nIt gets hard to breathe \r\n\r\nI''m trying to fit it all inside \r\nI''m trying to open my mouth wide \r\nI''m trying not to choke inside \r\nI am a good boy, and I will \r\nSwallow it all \r\nSwallow it all \r\nSwallow it all \r\nSwallow it all\r\n\r\nEvery last one [19x]\r\n', 5),
(4, 1, 1, 4, 'The Hand That Feeds', '00:03:31', 1, '2005', '/var/www/wicked.lu/jukebox/trunk/music/Nine_Inch_Nails/With_Teeth/04.mp3', 0, 0, 0, 0, '2006-07-24 17:22:54', '128kbps', 5000000, '84be45a33eae5006a8464ed0d4d50a0b', 'you''re keeping in step\r\nin the line\r\ngot your chin held high and you feel just fine\r\nbecause you do\r\nwhat you''re told\r\nbut inside your heart it is black and it''s hollow and it''s cold\r\n\r\njust how deep do you believe?\r\nwill you bite the hand that feeds?\r\nwill you chew until it bleeds?\r\ncan you get up off your knees?\r\nare you brave enough to see?\r\ndo you want to change it?\r\n\r\nwhat if this whole crusade''s\r\na charade\r\nand behind it all there''s a price to be paid\r\nfor the blood\r\non which we dine\r\njustified in the name of the holy and the divine\r\n\r\njust how deep do you believe?\r\nwill you bite the hand that feeds?\r\nwill you chew until it bleeds?\r\ncan you get up off your knees?\r\nare you brave enough to see?\r\ndo you want to change it?\r\n\r\nso naïve\r\nto keep holding on to what I want to believe\r\ni can see\r\nbut i keep holding on and on and on and on\r\n\r\nwill you bite the hand that feeds you?\r\nwill you stay down on your knees?\r\n', 5),
(5, 1, 1, 5, 'Love Is Not Enough', '00:03:41', 1, '2005', '/var/www/wicked.lu/jukebox/trunk/music/Nine_Inch_Nails/With_Teeth/05.mp3', 0, 0, 0, 0, '2006-07-24 17:25:46', '128kbps', 5000000, '98de58819edc7d63d7a3f946870f04e2', 'The more that we take, the paler we get \r\nI can''t remember what it is we try to forget \r\nThe tile on the floor, so cold it can sting \r\nIn your eyes in a place worth remembering \r\n\r\nFor you to go and take this and smash it apart \r\nI''ve gone all this fucking way to wind up back at\r\nBack at the start \r\n\r\nHey, the closer we think we are \r\nWell, it only got us so far \r\nNow you got anything left to show? \r\nNo, no, I didn''t think so \r\nHey, the sooner we realize \r\nWe cover ourselves with lies \r\nBut underneath we''re not so tough \r\nOh, love is not enough \r\n\r\nWell, it hides in the dark, like the withering vein \r\nWe didn''t give it a mouth, so it cannot complain \r\nWe never really had a chance\r\nWe''d never really make it through \r\nI never think I''d believe \r\nI believed I could get better with you \r\n\r\nHey, the closer we think we are \r\nWell, it never got us so far \r\nNow you got anything left to show? \r\nNo, no, no, no, I didn''t think so \r\nHey, the sooner we realize \r\nWe cover ourselves with lies \r\nBut underneath we''re not so tough \r\nOh, love is not enough \r\n\r\nOh, love is not enough \r\nHey\r\n', 5),
(6, 1, 1, 6, 'Every Day Is Exactly The Same', '00:04:54', 1, '2005', '/var/www/wicked.lu/jukebox/trunk/music/Nine_Inch_Nails/With_Teeth/06.mp3', 0, 0, 0, 0, '2006-07-24 17:26:43', '128kbps', 5555555, '0434a4e29902e47c0838f7c8fe8c8c52', 'I believe I can see the future \r\nCause I repeat the same routine \r\nI think I used to have a purpose \r\nBut then again, that might have been a dream \r\n\r\nI think I used to have a voice \r\nNow I never make a sound \r\nI just do what I’ve been told \r\nI really don’t want them to come around, oh no \r\n\r\nEvery day is exactly the same \r\nEvery day is exactly the same \r\nThere is no love here and there is no pain \r\nEvery day is exactly the same \r\n\r\nI can feel their eyes are watching \r\nIn case I lose myself again \r\nSometimes I think I’m happy here \r\n(Sometimes) \r\nSometimes, yet I still pretend \r\n\r\nI can’t remember how this got started \r\nOh, but I can tell you exactly how it will end \r\n\r\nEvery day is exactly the same \r\nEvery day is exactly the same \r\nThere is no love here and there is no pain \r\nEvery day is exactly the same \r\n\r\nI’ll write it on a little piece of paper \r\nI’m hoping, someday, you might find \r\nWell I’ll hide it behind something \r\nThey won’t look behind \r\n\r\nI am still inside her \r\nA little bit comes bleeding through \r\nI wish this could’ve been any other way \r\nBut I just don’t know, I don’t know what else I can do \r\n\r\nEvery day is exactly the same \r\nEvery day is exactly the same \r\nThere is no love here and there is no pain \r\nEvery day is exactly the same \r\n\r\nEvery day is exactly the same \r\nEvery day is exactly the same \r\nThere is no love here and there is no pain \r\nEvery day is exactly the same \r\n(Every day is the same!)\r\n', 5),
(7, 1, 1, 7, 'With Teeth', '00:05:37', 1, '2005', '/var/www/wicked.lu/jukebox/trunk/music/Nine_Inch_Nails/With_Teeth/07.mp3', 0, 0, 0, 0, '2006-07-24 17:28:59', '128kbps', 5555555, 'ced141265b96c037a3cab9dee0f3b4fa', 'She comes along \r\nShe gets inside \r\nShe makes you better than, anything you''ve tried \r\n\r\nIt''s in her kiss \r\nBlack as sea \r\nAnd it runs deeper than you, dared to dream it could be \r\n\r\nWith teeth \r\nWith teeth \r\nWith teeth \r\nWith teeth \r\n\r\nWave good bye \r\nTo what you were \r\nThe rules have changed, the lines begin to blur \r\n\r\nShe makes you hard \r\nIt comes on strong \r\nYou finally found, the place where you belong \r\n\r\nWith teeth \r\nWith teeth \r\nWith teeth \r\nWith teeth \r\n\r\nI cannot go through this again \r\nI cannot go through this again \r\nI cannot go through this again \r\nI cannot go through this again \r\nI cannot go through this again \r\nI cannot go through this again \r\nI cannot go through this again \r\nI cannot go through this again \r\n\r\nWith teeth \r\nWith teeth \r\nWith teeth \r\nWith teeth \r\n\r\nShe will not let you go \r\nKeeps on and on \r\nShe will not let you go \r\nKeeps on and on \r\nThis time I''m not coming back \r\nShe will not let you go \r\nThis time I''m not coming back \r\nShe will not let you go \r\n', 5),
(8, 1, 1, 8, 'Only', '00:04:23', 1, '2005', '/var/www/wicked.lu/jukebox/trunk/music/Nine_Inch_Nails/With_Teeth/08.mp3', 0, 0, 0, 0, '2006-07-24 17:29:26', '128kbps', 5555555, '6ca63201862b0d39ddc992eecefc1b1a', 'I''m becoming less defined, as days go by \r\nFading away, well you might say I''m losing focus \r\nKinda drifting into the abstract in terms of how I see myself \r\n\r\nSometimes, I think I can see right through myself \r\nSometimes, I think I can see right through myself \r\nSometimes, I can see right through myself \r\n\r\nLess concerned, about fitting into the world \r\nYour world that is! \r\nCause it doesn''t really matter anymore \r\n(no, it doesn''t really matter anymore) \r\nNo, it doesn''t really matter anymore \r\nNone of this shit really matters anymore \r\n\r\nYes, I am alone but then again I always was \r\nAs far back as I can tell, I think maybe it''s because \r\nBecause you were never really real to begin with \r\nI just made you up, to hurt myself \r\nI just made you up, to hurt myself, yeah\r\nAnd I just made you up to hurt myself \r\nI just made you up to hurt myself, yeah\r\nAnd I just made you up to hurt myself \r\n\r\nAnd it worked \r\nYes, it did\r\n\r\nThere is no you, there is only me \r\nThere is no you, there is only me \r\nThere is no fucking you, there is only me \r\nThere is no fucking you, there is only me \r\n\r\nOnly \r\nOnly \r\nOnly \r\nOnly \r\n\r\nWell, the tiniest little dot caught my eye and it turned out to be a scab \r\nAnd I had this funny feeling, like I just knew it''s something bad \r\n\r\nI just couldn''t leave it alone \r\nI cut off that scab \r\nIt was a doorway trying to seal itself shut \r\nBut I climbed through \r\n\r\nNow I''m somewhere I am not supposed to be \r\nAnd I can see things I know I really shouldn''t see \r\nAnd now I know why now, and now I know why \r\nThings aren''t as pretty, on the inside \r\n\r\nThere is no you, there is only me \r\nThere is no you, there is only me \r\nThere is no fucking you, there is only me \r\nThere is no fucking you, there is only me \r\n\r\nOnly \r\nOnly \r\nOnly \r\nOnly \r\nOnly \r\nOnly \r\nOnly \r\nOnly\r\n', 5),
(9, 1, 1, 9, 'Getting Smaller', '00:03:35', 1, '2005', '/var/www/wicked.lu/jukebox/trunk/music/Nine_Inch_Nails/With_Teeth/09.mp3', 0, 0, 0, 0, '2006-07-24 17:30:09', '128kbps', 4634732, 'c5fbd2efdc97f807326c3ce40d933bc2', 'Getting alittle erratic here \r\nAnd i dont know who to trust \r\nI guess they got a way of reading my mind \r\nI guess i gotta adjust \r\nI got my arms they flip flop flip flop flip \r\nI got my head on a spring \r\nWell i thought i got u on my side \r\nI havent got fucking anything \r\n\r\nIm just a face in the crowd \r\nNothing to worry about \r\nNot even tryin'' to stand out \r\nIm getting smaller \r\nand smaller and smaller \r\nAnd i have nothing to say \r\nIts all been taken away \r\nI just behave and obey \r\nIm afraid that I''m starting to fade away \r\n\r\nI cannot see through the cracks \r\nWhen im pressed up on the wall \r\nIm not looking to stand up real high \r\nI''d be happy to crawl \r\nI think i''m losing my grip \r\nBut i can still make a fist \r\nYou know i still got my one good arm \r\nThat i can beat \r\nOh that i can beat myself with up with \r\n\r\nIm just a face in the crowd \r\nNothing to worry about \r\nNot even tryin'' to stand out \r\nIm getting smaller \r\nAnd smaller and smaller \r\nAnd i have nothing to say \r\nIts all been taken away \r\nI just behave and obey \r\nIm afraid i am starting to fade away \r\n\r\nAnd for what it is worth \r\nI really used to believe \r\nMaybe theirs some great thing \r\nThat we could achieve \r\nAnd now i cant tell the difference \r\nDont know what to feel \r\nBetween what ive been trying to hard to see \r\nand what appears to be real \r\n\r\nFading away \r\nFading away \r\nFading away \r\nFading away \r\n\r\nMy world is getting smaller everyday-yea-yea-yea \r\nMy world is getting smaller everyday-yea-yea-yea \r\n(and thats ok) \r\n\r\nMy world is getting smaller everyday-yea-yea-yea \r\nMy world is getting smaller everyday-yea-yea-yea \r\n(and thats ok)\r\n', 5),
(10, 1, 1, 10, 'Sunspots', '00:04:03', 1, '2005', '/var/www/wicked.lu/jukebox/trunk/music/Nine_Inch_Nails/With_Teeth/10.mp3', 0, 0, 0, 0, '2006-07-24 17:30:49', '128kbps', 4637225, 'f9fdc841568361030bc5143280c3b076', 'Sunspots cast a glare in my eyes \r\nSometimes I forget I''m alive \r\nI feel it coming and I''ve gotta get out of it''s way \r\nI hear it calling and I come cause I can''t disobey \r\nI should not listen and I shouldn''t believe\r\nBut I do, yes I do \r\n\r\nShe turns me on \r\nShe makes it real \r\nI have to to apologize \r\nFor the way I feel \r\n\r\nMy life it seems has taken a turn \r\nWhy, in the name of God, would I ever want to return \r\n\r\nPeel off our skin, we''re gonna burn what we were to the ground \r\nFuck in the fire and we''ll spread all the ashes around \r\nI wanna kill away the rest of what''s left \r\nAnd I do, yes I do \r\n\r\nShe turns me on \r\nShe makes it real \r\nI have to to apologize \r\nFor the way I feel \r\n\r\nAnd nothing can stop me now \r\nThere is nothing to fear \r\nAnd everything that ever was \r\nIs inside us here \r\n\r\nWhoa, whoa, whoa \r\nInside us here \r\n\r\nNow I just stare into the sun \r\nAnd I see everything I''ve done \r\nI think I could''ve been someone \r\nBut I can''t stop what has begun \r\nWhen everything''s been said and done \r\nAnd there is no place left to run \r\nI think I have to be someone \r\nNow I just stare into the sun \r\n', 5),
(11, 1, 1, 11, 'The Line Begins To Blur', '00:03:44', 1, '2005', '/var/www/wicked.lu/jukebox/trunk/music/Nine_Inch_Nails/With_Teeth/11.mp3', 0, 0, 0, 0, '2006-07-24 17:31:58', '128kbps', 75845724, '76300192b3ddd1a6f0a704176aad8a76', 'There are things I said I would never do \r\nThere are fears I can not believe have come true \r\nFor my soul is too sick and it''s too little and too late \r\nand myself I have grown to weary to hate \r\n\r\nThe more I stay in here \r\nThe more it''s not so clear \r\nThe more I stay in here \r\nThe more I disappear \r\n\r\nAs far as I have gone \r\nI knew what side I''m on \r\nBut now I''m not so sure \r\nThe line begins to blur \r\n\r\nIs there somebody on top of me? \r\nI don''t know I don''t know \r\nIs anyone stopping me? \r\nI don''t know I don''t know \r\nWhy won''t try and hold my breath? \r\nI don''t know I don''t know \r\nJust how far can I go? \r\nI don''t know I don''t know \r\n\r\nAs I lay here \r\nthe fabric starts to tear \r\nIt''s far beyond repair \r\nAnd I don''t really care \r\n\r\nAs far as I have gone \r\nI knew what side I''m on \r\nBut now I''m not so sure \r\nThe line begins to blur\r\n', 5),
(12, 1, 1, 12, 'Beside You In Time', '00:05:24', 1, '2005', '/var/www/wicked.lu/jukebox/trunk/music/Nine_Inch_Nails/With_Teeth/12.mp3', 0, 0, 0, 0, '2006-07-24 17:34:55', '128kbps', 43743722, 'b7f88f5c9da87f43f13cb1d74e8bc34b', 'I am all alone this time around \r\nSometimes I''ll decide I hear a sound \r\nPlaces parallel I know it''s you \r\nFeel the little pieces bleeding through \r\nAnd on \r\nThis goes on \r\nAnd on \r\nAnd on \r\nAnd on \r\nAnd on \r\nAnd on \r\nAnd on \r\nAnd on \r\nThis goes on \r\nAnd on \r\nAnd on \r\nAnd on \r\nAnd on \r\nAnd on \r\nAnd on \r\nAnd on \r\nNow that I''ve decided not to stay \r\nI can feel me start to fade away \r\nEverything is back where it belongs \r\nI will be beside you before long \r\nAnd on \r\nThis goes on \r\nAnd on \r\nAnd on \r\nAnd on \r\nAnd on \r\nAnd on \r\nAnd on \r\nAnd on \r\nThis goes on \r\nAnd on \r\nAnd on \r\nAnd on \r\nAnd on \r\nAnd on \r\nAnd on \r\nAnd on \r\nOh, we will never die \r\nOh, beside you in time \r\nOh, we will never die \r\nOh, beside you in time\r\n', 5),
(13, 1, 1, 13, 'Right Where It Belongs', '00:05:04', 1, '2005', '/var/www/wicked.lu/jukebox/trunk/music/Nine_Inch_Nails/With_Teeth/13.mp3', 0, 0, 0, 0, '2006-07-24 17:57:40', '128kbps', 475452782, '1c36114885954a676d00541ea7d66e64', 'See the animal in his cage that you built\r\nAre you sure what side you''re on? \r\nBetter not look him too closely in the eye\r\nAre you sure what side of the glass you are on? \r\nSee the safety of the life you have built\r\nEverything where it belongs \r\nFeel the hollowness inside of your heart \r\nAnd it''s alright where it belongs \r\n\r\nWhat if everything around you\r\nIsn''t quite as it seems? \r\nWhat if all the world you think you know\r\nIs an elaborate dream? \r\nAnd if you look at your reflection\r\nIs it all you want it to be? \r\nWhat if you could look right through the cracks\r\nWould you find yourself, find yourself afraid to see? \r\n\r\nWhat if all the world''s inside of your head? \r\nJust creations of your own \r\nYour devils and your gods all the living and the dead \r\nAnd you''re really all alone\r\nYou can live in this illusion \r\nYou can choose to believe \r\nYou keep looking but you can''t find the words\r\nAre you hiding in the trees? \r\n\r\nWhat if everything around you\r\nIsn''t quite as it seems? \r\nWhat if all the world you used to know\r\nIs an elaborate dream? \r\nAnd if you look at your reflection\r\nIs it all you want it to be? \r\nWhat if you could look right through the cracks\r\nWould you find yourself, find yourself afraid to see?\r\n', 5),
(14, 3, 2, 1, 'Like Eating Glass', '00:04:21', 1, '2005', '/var/www/wicked.lu/jukebox/trunk/music/Bloc_Party/Silent_Alarm/01.mp3', 0, 0, 0, 0, '2006-07-26 01:04:08', '192kbps', 4294967295, 'f3a9da10efbd9ca7a79e14c51385ec80', 'It''s so cold in this house \r\nOpen mouth swallowing us \r\nThe children sent home from school \r\nWill not stop crying\r\n\r\nAnd I know that you''re busy too \r\nI know that you care \r\nYou got your finger on the pulse \r\nYou got your eyes everywhere \r\nAnd it hurts all the time when you don''t return my calls \r\nAnd you haven''t got the time to remember how it was\r\n\r\nIt''s so cold in this house \r\nIt''s so cold, in this house\r\n\r\nI can''t eat, I can''t sleep \r\nI can''t sleep, I can''t dream \r\nAn aversion to light \r\nGot a fear of the ocean\r\n\r\nLike drinking poison, like eating glass \r\nLike drinking poison, like eating glass \r\nLike drinking poison, like eating glass \r\nLike drinking poison, like eating!\r\n\r\nIt''s so cold in this house \r\nIt''s so cold in this house \r\nIt''s so cold in this house \r\nIt''s so cold in this bed\r\n\r\nLike drinking poison, like eating glass \r\nLike drinking poison, like eating glass \r\nLike drinking poison, like eating glass \r\nLike drinking poison, like eating!\r\n\r\nOw!\r\n\r\nYeah, yeah, yeah, yeah, yeah! Inside of me!\r\n\r\nOw, Ow!\r\n\r\nWe''ve got crosess on our eyes \r\nBeen walking into the walls again\r\n\r\nWe''ve got crosses on our eyes \r\nBeen walking into the furniture\r\n\r\nWe''ve got crosses on our eyes \r\nFor richer, for poorer, for better, for worse\r\n\r\nWe''ve got crosses on our eyes \r\nWe''ve been walking into the furniture\r\n', 5),
(15, 3, 2, 2, 'Helicopter', '00:03:40', 1, '2005', '/var/www/wicked.lu/jukebox/trunk/music/Bloc_Party/Silent_Alarm/02.mp3', 0, 0, 0, 0, '2006-07-26 01:56:26', '192kbps', 2346326, '55c2190824cb9bd56353483f38654ee8', 'North to South\r\nEmpty\r\nRunning on\r\nBravado\r\n\r\nAs if to say, as if to say\r\nAs if to say, he doesn''t like chocolate\r\nHe''s born a liar, he''ll die a liar\r\nSome things will never be different\r\n\r\nStop being, so American\r\nThere''s a time and there''s a place\r\nSo James Dean, so blue jeans\r\nHe''s gonna save the world, he''s gonna!\r\n\r\nAre you hoping for a miracle?\r\nAre you hoping for a miracle?\r\nAre you hoping for a miracle?\r\nAre you hoping for a miracle?\r\n\r\nThree out of five, three out of five (It''s not enough)\r\nSix out of ten, better luck next time\r\nJust like his Dad, just like his Dad (The same mistakes)\r\nSome things will never be different\r\n\r\nHungry and dumb, hungry and dumb (So wait in line)\r\nQueuing up for some more junk food\r\nIt''s not my fault, it''s not my fault (Just this once)\r\nThey''re getting so much younger\r\n\r\nWhy can''t you be, more European?\r\nBastard child of guilt and shame\r\nBury your head, in the sand\r\nI''m thinking six, six, six\r\nI''m thinking six\r\n\r\nAre you hoping for a miracle?\r\nAre you hoping for a miracle?\r\nAre you hoping for a miracle?\r\nAre you hoping for a miracle?\r\n\r\nAre you hoping for a miracle? (It''s not enough, it''s not enough)\r\nAre you hoping for a miracle? (It''s not enough, it''s not enough)\r\nAre you hoping for a miracle? (It''s not enough, it''s not enough)\r\nAre you hoping for a miracle? (It''s not enough, it''s not enough)\r\n', 5),
(16, 4, 4, 1, 'Red Flags and Long Nights', '00:05:08', 1, '2005', '/var/www/wicked.lu/jukebox/trunk/music/She_Wants_Revenge/She_Wants_Revenge/01.mp3', 0, 0, 0, 0, '2006-07-26 01:59:35', '192kbps', 23623632, 'd58e3582afa99040e27b92b13c8f2280', 'Sick of trying to find a way inside \r\nSick and tired of all the after \r\nSick of trying ot find a way to slide \r\nEven though it always ends in laughter \r\nIts never hard to tell when things are done \r\nShe looked into my eyes and a voice said RUN \r\nShe says that im a mess but its alright \r\nWhether its 2 weeks, 2 years or just tonight \r\n\r\nYou can occupy my every sigh, \r\nYou can rent a space inside my mind \r\nAt least untill the price becomes too? HIGH \r\n\r\nI can find a reason that we should quit \r\nI can find a reason to do it \r\nI can find excuses for all my shit \r\nShe tells me just to work right through it \r\n\r\nShes pretty and I like her but shes too well \r\nCuz I need red flags and long nights and she can tell \r\nIts not that its my fault its just my style \r\nBeginning with a look and then a smile \r\n\r\nYou can occupy my every sigh, \r\nYou can rent a space inside my mind \r\nAt least untill the price becomes too ? HIGH \r\n\r\nShe don''t need a thing, she don''t need saving or a lay \r\nShes got all the friends around and you can hear them say: \r\nHes not into you hes into the idea of? \r\nBut little do they know that shes not through \r\n\r\nYou can occupy my every sigh, \r\nYou can rent a space inside my mind \r\nAt least untill the price becomes too ? HIGH\r\n', 5),
(17, 4, 4, 2, 'These Things', '00:05:12', 1, '2005', '/var/www/wicked.lu/jukebox/trunk/music/She_Wants_Revenge/She_Wants_Revenge/02.mp3', 0, 0, 0, 0, '2006-07-26 02:00:30', '192kbps', 46236326, 'cf155b3deb5f83597038c52f7f2a2bcd', 'There is nothing to see here people keep moving on \r\nSlowly their necks turn and then they''re gone \r\nNo one cares when the show is done \r\n\r\nStanding in line and its cold and you want to go \r\nRemember a joke so you turn around \r\nThere is no one to listen so you laugh by yourself \r\n\r\nI heard it''s cold out, but her popsicle melts \r\nShe''s in the bathroom, she pleasures herself \r\nSays I''m a bad man, she''s locking me out \r\nIt''s cause of these things, it''s cause of these things \r\n\r\nLet make a fast plan, watch it burn to the ground \r\nI try to whisper, so no one figures it out \r\nI''m not a bad man, I''m just overwhelmed \r\nIt''s cause of these things, it''s cause of these things \r\n\r\nThe crowd on the street walks slowly, don''t mind the rain \r\nLovers hold hands to numb the pain, \r\nGripping tightly to something that they will never own \r\n\r\nAnd those by themselves by choice or by some reward \r\nNo mistakes only now you''re bored \r\nThis is the time of your life but you just can''t tell \r\n\r\nI heard it''s cold out, but her popsicle melts \r\nShe''s in the bathroom, she pleasures herself \r\nSays I''m a bad man, she''s locking me out \r\nIt''s cause of these things, it''s cause of these things \r\n', 5),
(18, 3, 2, 3, 'Positive Tension', '00:03:53', 1, '2005', '/var/www/wicked.lu/jukebox/trunk/music/Bloc_Party/Silent_Alarm/03.mp3', 0, 0, 0, 0, '2006-07-26 02:04:56', '192kbps', 356326326, '34a0e9681e8c1503f99606c2108845d6', 'He said, "You''re just as boring as everyone else,\r\nWhen you tut, and you moan, \r\nAnd you squeal, and you squelch."\r\nHe said, "You''re just as boring as everyone else, \r\nNothing ever happens."\r\n\r\nThings replace things \r\nDays replace days \r\nThings replace things \r\n\r\nShe said, "I''m going to use my teeth and my claws." \r\nShe said, "I''m going to use my teeth and my claws."\r\nShe said, "I''m going to use my teeth and my breasts, \r\nI''m gonna make it happen"\r\n\r\nShe said, "Lets run run, run run run."\r\n \r\nAnd you cannot run or ever, ever escape (Run run run, run run run) \r\nAnd you cannot run or ever hideaway (Lets run run, run run run) \r\nSomething glorious is about to happen (Run run run, run run run) \r\nThe reckoning.\r\n\r\nThey go, "You''re just as boring as everyone else, \r\nWhen you tut, and you moan,\r\nAnd you squeal, and you squelch."\r\nThey go, "You''re just as boring as everyone else,\r\nStuck past timing."\r\n\r\nThe fear, and the yearning \r\nThe fear, and the consumption \r\nThe fear, and the yearning \r\nIt''s gonna eat you alive \r\nThey go... \r\n\r\nLets run run, run run run\r\n\r\nAnd you cannot run or ever, ever escape (Run run run, run run run) \r\nAnd you cannot hide or ever, put it away (Lets run run, run run run) \r\nSomething glorious is about to happen (Run run run, run run run) \r\nThe reckoning.\r\n\r\nThey go... They say... They go... They say...\r\n\r\nThey go, "Why''d you have to get so hysterical?"\r\n"Why''d you have to get so hysterical?"\r\n"Why''d you have to get so hysterical?"\r\n"Why''d you have to get so hysterical?"\r\n\r\n"Why''d you have to get so hysterical?"\r\n(Success, success, success, success is over)\r\n"Why''d you have to get so hysterical?"\r\n(Success, success, success, success is over)\r\n"Why''d you have to get so hysterical?"\r\n(Success, success, success, success is over)\r\n"Why''d you have to get so hysterical?"\r\n(Success, success, success, success is over)\r\n"Why''d you have to get, so fucking useless!"\r\n\r\nPlay it cool boy \r\nPlay it cool boy\r\nPlay it cool boy\r\nPlay it cool boy\r\n(Play it cool)\r\n', 5),
(19, 3, 2, 4, 'Banquet', '00:03:21', 1, '2005', '/var/www/wicked.lu/jukebox/trunk/music/Bloc_Party/Silent_Alarm/04.mp3', 0, 0, 0, 0, '2006-07-26 02:05:49', '192kbps', 2363262, '6b131f4e95fe89010e9dd29a28b73c00', 'A heart of stone, a smoking gun\r\nI can give you life, I can take it away\r\nA heart of stone, a smoking gun\r\nI''m working it out, I working...\r\n\r\nWhy''d you feel, so underrated?\r\nWhy''d you feel, so negated?\r\nHa, ha\r\n\r\nTurning away from the light, becoming adult\r\nTurning, into my soul\r\nI wanted, to bite not destroy, to feel her underneath\r\nTurning, into the light\r\n\r\nShe don''t think straight\r\nNa, na, na\r\nShe don''t think straight\r\n\r\nShe''s got such a dirty mind, and it never ever stops\r\nAnd you don''t taste like her, and you never ever will\r\nAnd we don''t read the papers, we don''t read the news\r\nHeaven''s never enough, we will never be fooled\r\n\r\nTurning away from the light, becoming adult\r\nTurning, into my soul\r\nI wanted, to bite not destroy, to feel her underneath\r\nTurning, into the light\r\n\r\nAnd if you feel (and if you feel)\r\nA little left behind (a little left behind)\r\nWe will wait for you on the other side\r\n\r\nAnd if you feel (and if you feel)\r\nA little left behind (a little left behind)\r\nWe will wait for you on the other side\r\n\r\n''Cause I''m on fire!\r\n''cause you know I''m on fire when you come\r\n''Cause you know I''m on fire!\r\n''cause you know I''m on fire, so stub me out\r\n\r\n''Cause I''m on fire! ''Cause I''m on fire!\r\n''Cause I''m on fire! ''Cause I''m on fire!\r\n', 5);
